<?xml version="1.0" encoding="utf-8"?>
<feed xmlns="http://www.w3.org/2005/Atom"
    xmlns:rdf="http://www.w3.org/1999/02/22-rdf-syntax-ns#"
    xmlns:leap2="http://terms.leapspecs.org/"
    xmlns:categories="http://wiki.leapspecs.org/2A/categories/"
    xmlns:portfolio="https://eportfolio.u-pec.fr/export/leap/2949/1632405050/"
    xmlns:mahara="http://wiki.mahara.org/Developer_Area/Import%2F%2FExport/LEAP_Extensions#"
>
    <leap2:version>http://www.leapspecs.org/2010-07/2A/</leap2:version>
    <id>https://eportfolio.u-pec.fr/export/2949/1632405050</id>
    <title>Mahara Leap2A Export for FABIO DA CONCEICAO FELGUEIRAS, 23/09/2021 15:50</title>
    <updated>2021-09-23T15:03:50+02:00</updated>
    <generator uri="https://mahara.org/" version="2008122400">Mahara</generator>
    <author>
        <name>FABIO DA CONCEICAO FELGUEIRAS</name>
        <email>fabio.da-conceicao-felgueiras@etu.u-pec.fr</email>
        <uri>portfolio:artefactinternal</uri>
    </author>

    <entry>
        <title>Profile page</title>
        <id>portfolio:view23849</id>

        <updated>2021-09-23T15:03:29+02:00</updated>
        <published>2021-09-23T14:02:02+02:00</published>
        <summary>Your profile page is what others see when they click on your name or profile picture.</summary>
        <content type="xhtml"><div xmlns="http://www.w3.org/1999/xhtml"><div><div id="user_row_1" class="clearfix">
    <div class="row-content">
    <div id="user_row_1_column_1" class="column-layout columns1 first last col-width-100" style="width:100%;">
    <div class="column-content">
        <div class="bt-profileinfo panel panel-secondary clearfix" id="user_blockinstance_98794">
            <h3 class="title panel-heading js-heading">
            

            À propos de moi
            


            

        </h3>
    

    <div class="block" id="user_blockinstance_98794_target">
        <div class="panel-body flush">


    <p>Téléphone : 06 95 81 21 37</p>

    <ul class="unstyled profile-info"><li><strong>Identifiant étudiant:</strong> u32102133</li>
            
                                    <li><strong>Nom préféré:</strong> Fabio Da conceicao felgueiras</li>
            
                                    <li><strong>Nom:</strong> DA CONCEICAO FELGUEIRAS</li>
            
                                    <li><strong>Prénom:</strong> FABIO</li>
            
                                    <li><strong>Adresse de courriel:</strong> <a href="mailto:fabio.da-conceicao-felgueiras@etu.u-pec.fr">fabio.da-conceicao-felgueiras@etu.u-pec.fr</a></li>
            
                    
        
    </ul></div>


        
    </div>
</div>
<div class="bt-myviews panel panel-secondary clearfix" id="user_blockinstance_98793">
            <h3 class="title panel-heading js-heading">
            

            My portfolios
            


            

        </h3>
    

    <div class="block" id="user_blockinstance_98793_target">
            <div class="list-group">
        <div id="user_myviewlist" class="list-group">
                <div class="list-group-item">
        <a href="https://eportfolio.u-pec.fr/view/view.php?id=23854" class="outer-link">
            <span class="sr-only">Découverte de Mahara</span>
        </a>

        <h4 class="title list-group-item-heading text-inline">
            <a href="https://eportfolio.u-pec.fr/view/view.php?id=23854">Découverte de Mahara</a>
        </h4>

        
        
                <div class="list-group-item-text text-small">
            Me voici sur Mahara. 
 
 
  
 
 
Cette page ne vous est d'aucune utilité.
        </div>
        

        
    </div>
    <div class="list-group-item">
        <a href="https://eportfolio.u-pec.fr/view/view.php?id=23853" class="outer-link">
            <span class="sr-only">Untitled</span>
        </a>

        <h4 class="title list-group-item-heading text-inline">
            <a href="https://eportfolio.u-pec.fr/view/view.php?id=23853">Untitled</a>
        </h4>

        
        
        

        
    </div>
    <div class="list-group-item">
        <a href="https://eportfolio.u-pec.fr/view/view.php?id=23858" class="outer-link">
            <span class="sr-only">Untitled v.2</span>
        </a>

        <h4 class="title list-group-item-heading text-inline">
            <a href="https://eportfolio.u-pec.fr/view/view.php?id=23858">Untitled v.2</a>
        </h4>

        
        
        

        
    </div>


        </div>
            <div id="user_myviews_page_container" class="hidden"><div id="user_myviews_pagination" class="pagination-wrapper center"><div class="lead text-small results pull-right">3 résultats</div></div></div>
    
        </div>




        
    </div>
</div>

    </div>
</div>

    </div>
</div>
<div id="user_row_2" class="clearfix">
    <div class="row-content">
    <div id="user_row_2_column_1" class="column-layout columns3 first col-width-33" style="width:31%;">
    <div class="column-content">
        <div class="bt-myfriends panel panel-secondary clearfix" id="user_blockinstance_98791">
            <h3 class="title panel-heading js-heading">
            

            Mes contacts
            


            

        </h3>
    

    <div class="block" id="user_blockinstance_98791_target">
        <div class="friends panel-body">
    <div id="user_userfriendstable">
       <div class="js-masonry user-thumbnails">
            <a href="https://eportfolio.u-pec.fr/user/view.php?id=2942" class="item user-icon metadata user-icon-larger d0">
            <img src="https://eportfolio.u-pec.fr/thumb.php?type=profileiconbyid&amp;maxwidth=100&amp;maxheight=100&amp;id=62872" alt="Image du profil de Aurelien Boissier" height="100" /></a><p class="member-name"><a href="https://eportfolio.u-pec.fr/user/view.php?id=2942" class="item user-icon metadata user-icon-larger d0">Aurelien Boissier</a></p><a href="https://eportfolio.u-pec.fr/user/view.php?id=2942" class="item user-icon metadata user-icon-larger d0">
        </a>
            <a href="https://eportfolio.u-pec.fr/user/view.php?id=2943" class="item user-icon metadata user-icon-larger d1">
            <img src="https://eportfolio.u-pec.fr/thumb.php?type=profileiconbyid&amp;maxwidth=100&amp;maxheight=100&amp;id=62847" alt="Image du profil de Breno Lacerda helt" height="100" /></a><p class="member-name"><a href="https://eportfolio.u-pec.fr/user/view.php?id=2943" class="item user-icon metadata user-icon-larger d1">Breno Lacerda helt</a></p><a href="https://eportfolio.u-pec.fr/user/view.php?id=2943" class="item user-icon metadata user-icon-larger d1">
        </a>
            <a href="https://eportfolio.u-pec.fr/user/view.php?id=2944" class="item user-icon metadata user-icon-larger d0">
            <img src="https://eportfolio.u-pec.fr/thumb.php?type=profileiconbyid&amp;maxwidth=100&amp;maxheight=100&amp;id=62886" alt="Image du profil de Fabio Monte" height="100" /></a><p class="member-name"><a href="https://eportfolio.u-pec.fr/user/view.php?id=2944" class="item user-icon metadata user-icon-larger d0">Fabio Monte</a></p><a href="https://eportfolio.u-pec.fr/user/view.php?id=2944" class="item user-icon metadata user-icon-larger d0">
        </a>
            <a href="https://eportfolio.u-pec.fr/user/view.php?id=2941" class="item user-icon metadata user-icon-larger d1">
            <img src="https://eportfolio.u-pec.fr/thumb.php?type=profileiconbyid&amp;maxwidth=100&amp;maxheight=100&amp;id=62860" alt="Image du profil de Jananthan" height="100" /></a><p class="member-name"><a href="https://eportfolio.u-pec.fr/user/view.php?id=2941" class="item user-icon metadata user-icon-larger d1">Jananthan</a></p><a href="https://eportfolio.u-pec.fr/user/view.php?id=2941" class="item user-icon metadata user-icon-larger d1">
        </a>
    
            <a href="https://eportfolio.u-pec.fr/user/view.php?id=2947" class="item user-icon metadata user-icon-larger d0">
            <img src="https://eportfolio.u-pec.fr/thumb.php?type=profileiconbyid&amp;maxwidth=100&amp;maxheight=100&amp;id=62796" alt="Image du profil de Kishanthan Ratnalingam" height="100" /></a><p class="member-name"><a href="https://eportfolio.u-pec.fr/user/view.php?id=2947" class="item user-icon metadata user-icon-larger d0">Kishanthan Ratnalingam</a></p><a href="https://eportfolio.u-pec.fr/user/view.php?id=2947" class="item user-icon metadata user-icon-larger d0">
        </a>
            <a href="https://eportfolio.u-pec.fr/user/view.php?id=2948" class="item user-icon metadata user-icon-larger d1">
            <img src="https://eportfolio.u-pec.fr/thumb.php?type=profileiconbyid&amp;maxwidth=100&amp;maxheight=100&amp;id=62808" alt="Image du profil de Suthyshan Sutharsan" height="100" /></a><p class="member-name"><a href="https://eportfolio.u-pec.fr/user/view.php?id=2948" class="item user-icon metadata user-icon-larger d1">Suthyshan Sutharsan</a></p><a href="https://eportfolio.u-pec.fr/user/view.php?id=2948" class="item user-icon metadata user-icon-larger d1">
        </a>
            <a href="https://eportfolio.u-pec.fr/user/view.php?id=2945" class="item user-icon metadata user-icon-larger d0">
            <img src="https://eportfolio.u-pec.fr/thumb.php?type=profileiconbyid&amp;maxwidth=100&amp;maxheight=100&amp;id=62834" alt="Image du profil de Thomas Saxemard" height="100" /></a><p class="member-name"><a href="https://eportfolio.u-pec.fr/user/view.php?id=2945" class="item user-icon metadata user-icon-larger d0">Thomas Saxemard</a></p><a href="https://eportfolio.u-pec.fr/user/view.php?id=2945" class="item user-icon metadata user-icon-larger d0">
        </a>
            <a href="https://eportfolio.u-pec.fr/user/view.php?id=2946" class="item user-icon metadata user-icon-larger d1">
            <img src="https://eportfolio.u-pec.fr/thumb.php?type=profileiconbyid&amp;maxwidth=100&amp;maxheight=100&amp;id=62837" alt="Image du profil de Tom Duraffourg" height="100" /></a><p class="member-name"><a href="https://eportfolio.u-pec.fr/user/view.php?id=2946" class="item user-icon metadata user-icon-larger d1">Tom Duraffourg</a></p><a href="https://eportfolio.u-pec.fr/user/view.php?id=2946" class="item user-icon metadata user-icon-larger d1">
        </a>
    

</div>


    </div>
    <div id="user_myfriends_page_container" class="hidden">
        
    </div>
    </div>


        
    </div>
</div>

    </div>
</div>
<div id="user_row_2_column_2" class="column-layout columns3 col-width-33" style="width:31%;">
    <div class="column-content">
        
    </div>
</div>
<div id="user_row_2_column_3" class="column-layout columns3 last col-width-33" style="width:31%;">
    <div class="column-content">
        <div class="bt-mygroups panel panel-secondary clearfix" id="user_blockinstance_98792">
            <h3 class="title panel-heading js-heading">
            

            Mes groupes
            


            

        </h3>
    

    <div class="block" id="user_blockinstance_98792_target">
            <div class="panel-body">
        <p class="no-results-small">Affilié à aucun groupe</p>
    </div>



        
    </div>
</div>

    </div>
</div>

    </div>
</div>
<div id="user_row_3" class="clearfix">
    <div class="row-content">
    <div id="user_row_3_column_1" class="column-layout columns1 first last col-width-100" style="width:100%;">
    <div class="column-content">
        
    </div>
</div>

    </div>
</div>
</div></div></content>
        <rdf:type rdf:resource="leap2:selection"/>

        <link rel="leap2:has_part" href="portfolio:artefact62789"/>
        <link rel="leap2:has_part" href="portfolio:artefact62790"/>
        <link rel="leap2:has_part" href="portfolio:artefact62788"/>
        <link rel="leap2:has_part" href="portfolio:artefact62787"/>


        <category term="Webpage" scheme="categories:selection_type#"/>





        <mahara:view mahara:layout="100-33,33,33-100" mahara:type="profile" mahara:ownerformat="6">
          <mahara:row>
            <mahara:column>
                <mahara:blockinstance mahara:blocktype="profileinfo" mahara:blocktitle="À propos de moi">
                    <mahara:fields>[[&quot;studentid&quot;,&quot;preferredname&quot;,&quot;lastname&quot;,&quot;firstname&quot;]]</mahara:fields>
                    <mahara:email>[&quot;fabio.da-conceicao-felgueiras@etu.u-pec.fr&quot;]</mahara:email>
                    <mahara:introtext>[&quot;&lt;p&gt;T&amp;eacute;l&amp;eacute;phone : 06 95 81 21 37&lt;\/p&gt;&quot;]</mahara:introtext>

                </mahara:blockinstance>
                <mahara:blockinstance mahara:blocktype="myviews" mahara:blocktitle="My pages">

                </mahara:blockinstance>

            </mahara:column>

          </mahara:row>
          <mahara:row>
            <mahara:column>
                <mahara:blockinstance mahara:blocktype="myfriends" mahara:blocktitle="My friends">

                </mahara:blockinstance>

            </mahara:column>
            <mahara:column>

            </mahara:column>
            <mahara:column>
                <mahara:blockinstance mahara:blocktype="mygroups" mahara:blocktitle="My groups">

                </mahara:blockinstance>

            </mahara:column>

          </mahara:row>
          <mahara:row>
            <mahara:column>

            </mahara:column>

          </mahara:row>

        </mahara:view>
    </entry>

    <entry>
        <title>Dashboard page</title>
        <id>portfolio:view23850</id>

        <updated>2021-09-23T14:02:03+02:00</updated>
        <published>2021-09-23T14:02:03+02:00</published>

        <content type="xhtml"><div xmlns="http://www.w3.org/1999/xhtml"><div><div id="user_row_1" class="clearfix">
    <div class="row-content">
    <div id="user_row_1_column_1" class="column-layout columns2 first col-width-50" style="width:48%;">
    <div class="column-content">
        <div class="bt-newviews panel panel-secondary clearfix" id="user_blockinstance_98798">
            <h3 class="title panel-heading js-heading">
            

            Latest changes I can view
            


            

        </h3>
    

    <div class="block" id="user_blockinstance_98798_target">
        <div class="list-group">
        <div class="list-group-item">
        <h4 class="list-group-item-heading text-inline">
            <a href="https://eportfolio.u-pec.fr/view/view.php?id=23854">Découverte de Mahara</a>
        </h4>
        <span class="text-small text-midtone"></span>
                <div class="groupuserdate text-small">
                                            <a href="https://eportfolio.u-pec.fr/user/view.php?id=2949" class="text-link">
                    Fabio Da conceicao felgueiras
                </a>
            
        
            <span class="postedon text-midtone">
                -                     Mis à jour
                
                23 septembre 2021
            </span>
        </div>
                <p class="detail list-group-item-text text-small">
            Me voici sur Mahara. 
 
 
  
 
 
Cette page ne vous est d'aucune utilité.
        </p>
        
    </div>
        <div class="list-group-item">
        <h4 class="list-group-item-heading text-inline">
            <a href="https://eportfolio.u-pec.fr/view/view.php?id=23858">Untitled v.2</a>
        </h4>
        <span class="text-small text-midtone"></span>
                <div class="groupuserdate text-small">
                                            <a href="https://eportfolio.u-pec.fr/user/view.php?id=2949" class="text-link">
                    Fabio Da conceicao felgueiras
                </a>
            
        
            <span class="postedon text-midtone">
                -                     Créé le
                
                23 septembre 2021
            </span>
        </div>
        
    </div>
        <div class="list-group-item">
        <h4 class="list-group-item-heading text-inline">
            <a href="https://eportfolio.u-pec.fr/view/view.php?id=23853">Untitled</a>
        </h4>
        <span class="text-small text-midtone"></span>
                <div class="groupuserdate text-small">
                                            <a href="https://eportfolio.u-pec.fr/user/view.php?id=2949" class="text-link">
                    Fabio Da conceicao felgueiras
                </a>
            
        
            <span class="postedon text-midtone">
                -                     Créé le
                
                23 septembre 2021
            </span>
        </div>
        
    </div>
        <div class="list-group-item">
        <h4 class="list-group-item-heading text-inline">
            <a href="https://eportfolio.u-pec.fr/view/view.php?id=23292">Présentation</a>
        </h4>
        <span class="text-small text-midtone">(4 pages)</span>
                <div class="groupuserdate text-small">
                                            <a href="https://eportfolio.u-pec.fr/user/view.php?id=2737" class="text-link">
                    Nicolas Bugielski
                </a>
            
        
            <span class="postedon text-midtone">
                -                     Mis à jour
                
                22 septembre 2021
            </span>
        </div>
        
    </div>
        <div class="list-group-item">
        <h4 class="list-group-item-heading text-inline">
            <a href="https://eportfolio.u-pec.fr/view/view.php?id=23336">LGi2A</a>
        </h4>
        <span class="text-small text-midtone">(4 pages)</span>
                <div class="groupuserdate text-small">
                                            <a href="https://eportfolio.u-pec.fr/user/view.php?id=2737" class="text-link">
                    Nicolas Bugielski
                </a>
            
        
            <span class="postedon text-midtone">
                -                     Mis à jour
                
                22 septembre 2021
            </span>
        </div>
        
    </div>
    
</div>



        
    </div>
</div>
<div class="bt-myviews panel panel-secondary clearfix" id="user_blockinstance_98797">
            <h3 class="title panel-heading js-heading">
            

            My portfolios
            


            

        </h3>
    

    <div class="block" id="user_blockinstance_98797_target">
            <div class="list-group">
        <div id="user_myviewlist" class="list-group">
                <div class="list-group-item">
        <a href="https://eportfolio.u-pec.fr/view/view.php?id=23854" class="outer-link">
            <span class="sr-only">Découverte de Mahara</span>
        </a>

        <h4 class="title list-group-item-heading text-inline">
            <a href="https://eportfolio.u-pec.fr/view/view.php?id=23854">Découverte de Mahara</a>
        </h4>

        
        
                <div class="list-group-item-text text-small">
            Me voici sur Mahara. 
 
 
  
 
 
Cette page ne vous est d'aucune utilité.
        </div>
        

        
    </div>
    <div class="list-group-item">
        <a href="https://eportfolio.u-pec.fr/view/view.php?id=23853" class="outer-link">
            <span class="sr-only">Untitled</span>
        </a>

        <h4 class="title list-group-item-heading text-inline">
            <a href="https://eportfolio.u-pec.fr/view/view.php?id=23853">Untitled</a>
        </h4>

        
        
        

        
    </div>
    <div class="list-group-item">
        <a href="https://eportfolio.u-pec.fr/view/view.php?id=23858" class="outer-link">
            <span class="sr-only">Untitled v.2</span>
        </a>

        <h4 class="title list-group-item-heading text-inline">
            <a href="https://eportfolio.u-pec.fr/view/view.php?id=23858">Untitled v.2</a>
        </h4>

        
        
        

        
    </div>


        </div>
            <div id="user_myviews_page_container" class="hidden"><div id="user_myviews_pagination" class="pagination-wrapper center"><div class="lead text-small results pull-right">3 résultats</div></div></div>
    
        </div>




        
    </div>
</div>

    </div>
</div>
<div id="user_row_1_column_2" class="column-layout columns2 last col-width-50" style="width:48%;">
    <div class="column-content">
        <div class="bt-inbox panel panel-secondary clearfix" id="user_blockinstance_98795">
            <h3 class="title panel-heading js-heading">
            

            Boîte de réception
            


            

        </h3>
    

    <div class="block" id="user_blockinstance_98795_target">
            <div id="user_inboxblock" class="inboxblock list-group">
                <div class="has-attachment panel-default collapsible list-group-item">
                            <a class="collapsed link-block" href="#message_content_maharamessage_46385">
                                            <span class="icon icon-wrench text-default left"></span>
                    
                    <span class="sr-only"></span>
                    Demande de rejoindre la liste de contacts acceptée
                    <span class="icon icon-chevron-down collapse-indicator pull-right text-small"></span>
                </a>
            
            <div class="collapse" id="user_message_content_maharamessage_46385">
                                    <p class="content-text">Tom Duraffourg a accepté votre demande et a été ajouté à votre liste de contacts</p>
                                        <a href="https://eportfolio.u-pec.fr/user/view.php?id=2946" class="text-small">
                        Plus... <span class="icon icon-arrow-right mls icon-sm"></span>
                    </a>
                    
                    
                
            </div>
        </div>
                <div class="has-attachment panel-default collapsible list-group-item">
                            <a class="collapsed link-block" href="#message_content_maharamessage_46383">
                                            <span class="icon icon-wrench text-default left"></span>
                    
                    <span class="sr-only"></span>
                    Demande de rejoindre la liste de contacts acceptée
                    <span class="icon icon-chevron-down collapse-indicator pull-right text-small"></span>
                </a>
            
            <div class="collapse" id="user_message_content_maharamessage_46383">
                                    <p class="content-text">Fabio Monte a accepté votre demande et a été ajouté à votre liste de contacts</p>
                                        <a href="https://eportfolio.u-pec.fr/user/view.php?id=2944" class="text-small">
                        Plus... <span class="icon icon-arrow-right mls icon-sm"></span>
                    </a>
                    
                    
                
            </div>
        </div>
                <div class="has-attachment panel-default collapsible list-group-item">
                            <a class="collapsed link-block" href="#message_content_maharamessage_46382">
                                            <span class="icon icon-wrench text-default left"></span>
                    
                    <span class="sr-only"></span>
                    Demande de rejoindre la liste de contacts acceptée
                    <span class="icon icon-chevron-down collapse-indicator pull-right text-small"></span>
                </a>
            
            <div class="collapse" id="user_message_content_maharamessage_46382">
                                    <p class="content-text">Thomas Saxemard a accepté votre demande et a été ajouté à votre liste de contacts</p>
                                        <a href="https://eportfolio.u-pec.fr/user/view.php?id=2945" class="text-small">
                        Plus... <span class="icon icon-arrow-right mls icon-sm"></span>
                    </a>
                    
                    
                
            </div>
        </div>
                <div class="has-attachment panel-default collapsible list-group-item">
                            <a class="collapsed link-block" href="#message_content_maharamessage_46379">
                                            <span class="icon icon-wrench text-default left"></span>
                    
                    <span class="sr-only"></span>
                    Demande de rejoindre la liste de contacts acceptée
                    <span class="icon icon-chevron-down collapse-indicator pull-right text-small"></span>
                </a>
            
            <div class="collapse" id="user_message_content_maharamessage_46379">
                                    <p class="content-text">Aurelien Boissier a accepté votre demande et a été ajouté à votre liste de contacts</p>
                                        <a href="https://eportfolio.u-pec.fr/user/view.php?id=2942" class="text-small">
                        Plus... <span class="icon icon-arrow-right mls icon-sm"></span>
                    </a>
                    
                    
                
            </div>
        </div>
                <div class="has-attachment panel-default collapsible list-group-item">
                            <a class="collapsed link-block" href="#message_content_maharamessage_46365">
                                            <span class="icon icon-wrench text-default left"></span>
                    
                    <span class="sr-only"></span>
                    Demande de rejoindre la liste de contacts acceptée
                    <span class="icon icon-chevron-down collapse-indicator pull-right text-small"></span>
                </a>
            
            <div class="collapse" id="user_message_content_maharamessage_46365">
                                    <p class="content-text">Suthyshan Sutharsan a accepté votre demande et a été ajouté à votre liste de contacts</p>
                                        <a href="https://eportfolio.u-pec.fr/user/view.php?id=2948" class="text-small">
                        Plus... <span class="icon icon-arrow-right mls icon-sm"></span>
                    </a>
                    
                    
                
            </div>
        </div>
        
    </div>
        <div class="artefact-detail-link">
        <a class="link-blocktype last" href="https://eportfolio.u-pec.fr/module/multirecipientnotification/inbox.php?type=feedback,groupmessage,institutionmessage,maharamessage,usermessage,viewaccess,watchlist,wallpost">
        <span class="icon icon-arrow-circle-right"></span>
        Plus</a>
    </div>
    



        
                            <a href="https://eportfolio.u-pec.fr/module/multirecipientnotification/inbox.php" class="detail-link link-blocktype"><span class="icon icon-link"></span> Description alternative du lien</a>
            
        
    </div>
</div>
<div class="bt-inbox panel panel-secondary clearfix" id="user_blockinstance_98796">
            <h3 class="title panel-heading js-heading">
            

            Sujets que je suis
            


            

        </h3>
    

    <div class="block" id="user_blockinstance_98796_target">
            <div class="panel-body">
        <p class="lead text-small">Pas de messages</p>
    </div>



        
                            <a href="https://eportfolio.u-pec.fr/module/multirecipientnotification/inbox.php" class="detail-link link-blocktype"><span class="icon icon-link"></span> Description alternative du lien</a>
            
        
    </div>
</div>

    </div>
</div>

    </div>
</div>
</div></div></content>
        <rdf:type rdf:resource="leap2:selection"/>



        <category term="Webpage" scheme="categories:selection_type#"/>





        <mahara:view mahara:layout="50,50" mahara:type="dashboard" mahara:ownerformat="6">
          <mahara:row>
            <mahara:column>
                <mahara:blockinstance mahara:blocktype="newviews" mahara:blocktitle="">
                    <mahara:limit>[5]</mahara:limit>

                </mahara:blockinstance>
                <mahara:blockinstance mahara:blocktype="myviews" mahara:blocktitle="">

                </mahara:blockinstance>

            </mahara:column>
            <mahara:column>
                <mahara:blockinstance mahara:blocktype="inbox" mahara:blocktitle="">
                    <mahara:feedback>[true]</mahara:feedback>
                    <mahara:groupmessage>[true]</mahara:groupmessage>
                    <mahara:institutionmessage>[true]</mahara:institutionmessage>
                    <mahara:maharamessage>[true]</mahara:maharamessage>
                    <mahara:usermessage>[true]</mahara:usermessage>
                    <mahara:viewaccess>[true]</mahara:viewaccess>
                    <mahara:watchlist>[true]</mahara:watchlist>
                    <mahara:maxitems>[&quot;5&quot;]</mahara:maxitems>
                    <mahara:wallpost>[true]</mahara:wallpost>

                </mahara:blockinstance>
                <mahara:blockinstance mahara:blocktype="inbox" mahara:blocktitle="">
                    <mahara:newpost>[true]</mahara:newpost>
                    <mahara:maxitems>[&quot;5&quot;]</mahara:maxitems>

                </mahara:blockinstance>

            </mahara:column>

          </mahara:row>

        </mahara:view>
    </entry>

    <entry>
        <title>Untitled</title>
        <id>portfolio:view23853</id>

        <updated>2021-09-23T14:02:37+02:00</updated>
        <published>2021-09-23T14:02:37+02:00</published>

        <content type="xhtml"><div xmlns="http://www.w3.org/1999/xhtml"><div><div id="user_row_1" class="clearfix">
    <div class="row-content">
    <div id="user_row_1_column_1" class="column-layout columns3 first col-width-33" style="width:31%;">
    <div class="column-content">
        
    </div>
</div>
<div id="user_row_1_column_2" class="column-layout columns3 col-width-33" style="width:31%;">
    <div class="column-content">
        
    </div>
</div>
<div id="user_row_1_column_3" class="column-layout columns3 last col-width-33" style="width:31%;">
    <div class="column-content">
        
    </div>
</div>

    </div>
</div>
</div></div></content>
        <rdf:type rdf:resource="leap2:selection"/>



        <category term="Webpage" scheme="categories:selection_type#"/>





        <mahara:view mahara:layout="33,33,33" mahara:type="portfolio" mahara:ownerformat="6">
          <mahara:row>
            <mahara:column>

            </mahara:column>
            <mahara:column>

            </mahara:column>
            <mahara:column>

            </mahara:column>

          </mahara:row>

        </mahara:view>
    </entry>

    <entry>
        <title>Découverte de Mahara</title>
        <id>portfolio:view23854</id>

        <updated>2021-09-23T15:03:05+02:00</updated>
        <published>2021-09-23T14:02:50+02:00</published>
        <summary type="xhtml"><div xmlns="http://www.w3.org/1999/xhtml"><div><p><em>Me voici sur Mahara.</em></p>
<p> </p>
<p>Cette page ne vous est d'<strong>aucune</strong> utilité.</p></div></div></summary>
        <content type="xhtml"><div xmlns="http://www.w3.org/1999/xhtml"><div><div id="user_row_1" class="clearfix">
    <div class="row-content">
    <div id="user_row_1_column_1" class="column-layout columns1 first last col-width-100" style="width:100%;">
    <div class="column-content">
        <div class="bt-text panel panel-secondary clearfix" id="user_blockinstance_98828">
            <h3 class="title panel-heading js-heading">
            

            Texte
            


            

        </h3>
    

    <div class="block" id="user_blockinstance_98828_target">
        <div class="textblock panel-body flush">
<p>Je cherche un sens à tout ça</p>
</div>


        
    </div>
</div>
<div class="bt-image panel panel-secondary clearfix" id="user_blockinstance_98826">
            <h3 class="title panel-heading js-heading">
            

            Image
            


            

        </h3>
    

    <div class="block" id="user_blockinstance_98826_target">
        <div class="imageblock panel-body">
    <div class="image">
        <a href="https://eportfolio.u-pec.fr/artefact/artefact.php?artefact=62838&amp;view=23854">
            <img rel="leap2:has_part" href="portfolio:artefact62838" alt="" /></a>
    </div>

    
</div>

    <div class="comments pull-left">
        
                    <a class="addcomment link-blocktype" href="https://eportfolio.u-pec.fr/artefact/artefact.php?view=23854&amp;artefact=62838">
                <span class="icon icon-arrow-circle-right"></span>
                Ajouter un commentaire
            </a>
        
    </div>

    <div class="feedback modal modal-docked" id="user_feedbacktable_98826">
        <div class="modal-dialog modal-lg">
            <div class="modal-content">
                <div class="modal-header clearfix">
                    
                        <span class="times">×</span>
                        <span class="sr-only">Fermer</span>
                    
                    <h4 class="modal-title pull-left">
                        <span class="icon icon-lg icon-comments left"></span>
                        Commentaires - st,small,507x507-pad,600x600,f8f8f8.u4.jpg
                    </h4>
                                        <a class="addcomment pull-right" href="https://eportfolio.u-pec.fr/artefact/artefact.php?view=23854&amp;artefact=62838">
                        Ajouter un commentaire
                        <span class="icon icon-arrow-right right"></span>
                    </a>
                    
                </div>
                <div class="modal-body flush">
                
<div class="list-group list-group-lite">

</div>

                </div>
            </div>
        </div>
    </div>




        
                            <a href="https://eportfolio.u-pec.fr/artefact/artefact.php?artefact=62838&amp;view=23854&amp;block=98826" class="detail-link link-blocktype"><span class="icon icon-link"></span> Description alternative du lien</a>
            
        
    </div>
</div>

    </div>
</div>

    </div>
</div>
<div id="user_row_2" class="clearfix">
    <div class="row-content">
    <div id="user_row_2_column_1" class="column-layout columns2 first col-width-33" style="width:31%;">
    <div class="column-content">
        <div class="bt-text panel panel-secondary clearfix" id="user_blockinstance_98838">
            <h3 class="title panel-heading js-heading">
            

            Texte
            


            

        </h3>
    

    <div class="block" id="user_blockinstance_98838_target">
        <div class="textblock panel-body flush">
<p>Je teste Mahara</p>
</div>


        
    </div>
</div>

    </div>
</div>
<div id="user_row_2_column_2" class="column-layout columns2 last col-width-67" style="width:65%;">
    <div class="column-content">
        <div class="bt-text panel panel-secondary clearfix" id="user_blockinstance_98837">
            <h3 class="title panel-heading js-heading">
            

            Texte
            


            

        </h3>
    

    <div class="block" id="user_blockinstance_98837_target">
        <div class="textblock panel-body flush">
<p>SAE 14 en cours</p>
</div>


        
    </div>
</div>

    </div>
</div>

    </div>
</div>
</div></div></content>
        <rdf:type rdf:resource="leap2:selection"/>

        <link rel="leap2:has_part" href="portfolio:artefact62838"/>


        <category term="Webpage" scheme="categories:selection_type#"/>





        <mahara:view mahara:layout="33,67-100" mahara:type="portfolio" mahara:ownerformat="6">
          <mahara:row>
            <mahara:column>
                <mahara:blockinstance mahara:blocktype="text" mahara:blocktitle="Texte">
                    <mahara:text>[&quot;&lt;p&gt;Je cherche un sens &amp;agrave; tout &amp;ccedil;a&lt;\/p&gt;&quot;]</mahara:text>

                </mahara:blockinstance>
                <mahara:blockinstance mahara:blocktype="image" mahara:blocktitle="Image">
                    <mahara:artefactid>[&quot;portfolio:artefact62838&quot;]</mahara:artefactid>
                    <mahara:showdescription>[false]</mahara:showdescription>
                    <mahara:width>[&quot;&quot;]</mahara:width>
                    <mahara:retractable>[0]</mahara:retractable>
                    <mahara:retractedonload>[0]</mahara:retractedonload>

                </mahara:blockinstance>

            </mahara:column>

          </mahara:row>
          <mahara:row>
            <mahara:column>
                <mahara:blockinstance mahara:blocktype="text" mahara:blocktitle="Texte">
                    <mahara:text>[&quot;&lt;p&gt;Je teste Mahara&lt;\/p&gt;&quot;]</mahara:text>

                </mahara:blockinstance>

            </mahara:column>
            <mahara:column>
                <mahara:blockinstance mahara:blocktype="text" mahara:blocktitle="Texte">
                    <mahara:text>[&quot;&lt;p&gt;SAE 14 en cours&lt;\/p&gt;&quot;]</mahara:text>

                </mahara:blockinstance>

            </mahara:column>

          </mahara:row>

        </mahara:view>
    </entry>

    <entry>
        <title>Untitled v.2</title>
        <id>portfolio:view23858</id>

        <updated>2021-09-23T15:03:16+02:00</updated>
        <published>2021-09-23T15:03:16+02:00</published>

        <content type="xhtml"><div xmlns="http://www.w3.org/1999/xhtml"><div><div id="user_row_1" class="clearfix">
    <div class="row-content">
    <div id="user_row_1_column_1" class="column-layout columns3 first col-width-33" style="width:31%;">
    <div class="column-content">
        
    </div>
</div>
<div id="user_row_1_column_2" class="column-layout columns3 col-width-33" style="width:31%;">
    <div class="column-content">
        
    </div>
</div>
<div id="user_row_1_column_3" class="column-layout columns3 last col-width-33" style="width:31%;">
    <div class="column-content">
        
    </div>
</div>

    </div>
</div>
</div></div></content>
        <rdf:type rdf:resource="leap2:selection"/>



        <category term="Webpage" scheme="categories:selection_type#"/>





        <mahara:view mahara:layout="33,33,33" mahara:type="portfolio" mahara:ownerformat="6">
          <mahara:row>
            <mahara:column>

            </mahara:column>
            <mahara:column>

            </mahara:column>
            <mahara:column>

            </mahara:column>

          </mahara:row>

        </mahara:view>
    </entry>

    <entry>
        <title>Journal de Fabio Da conceicao felgueiras</title>
        <id>portfolio:artefact62791</id>

        <updated>2021-09-23T14:02:03+02:00</updated>
        <published>2021-09-23T14:02:03+02:00</published>

        <content></content>
        <rdf:type rdf:resource="leap2:selection"/>
        <mahara:artefactplugin mahara:type="blog" mahara:plugin="blog"/>


        <category term="Blog" scheme="categories:selection_type#"/>



    </entry>


    <entry>
        <title>st,small,507x507-pad,600x600,f8f8f8.u4.jpg</title>
        <id>portfolio:artefact62838</id>

        <updated>2021-09-23T14:02:20+02:00</updated>
        <published>2021-09-23T14:02:20+02:00</published>

        <content></content>
        <rdf:type rdf:resource="leap2:resource"/>
        <mahara:artefactplugin mahara:type="image" mahara:plugin="file"/>
        <link rel="enclosure" type="image/jpeg" href="files/0-st,small,507x507-pad,600x600,f8f8f8.u4.jpg"/>
        <link rel="leap2:is_part_of" href="portfolio:view23854"/>


        <category term="Offline" scheme="categories:resource_type#" label="File"/>



    </entry>


    <entry>
        <title>images</title>
        <id>portfolio:artefact62855</id>

        <updated>2021-09-23T15:03:46+02:00</updated>
        <published>2021-09-23T15:03:46+02:00</published>

        <content>Fichiers Image</content>
        <rdf:type rdf:resource="leap2:selection"/>
        <mahara:artefactplugin mahara:type="folder" mahara:plugin="file"/>
        <link rel="leap2:has_part" href="portfolio:artefact62865"/>


        <category term="Folder" scheme="categories:selection_type#"/>



    </entry>


    <entry>
        <title>Capture.PNG</title>
        <id>portfolio:artefact62865</id>

        <updated>2021-09-23T15:03:52+02:00</updated>
        <published>2021-09-23T15:03:52+02:00</published>
        <summary type="">Télécharger une image pour le profil</summary>
        <content></content>
        <rdf:type rdf:resource="leap2:resource"/>
        <mahara:artefactplugin mahara:type="profileicon" mahara:plugin="file"/>
        <link rel="enclosure" type="image/png" href="files/1-Capture.PNG"/>
        <link rel="leap2:is_part_of" href="portfolio:artefact62855"/>
        <link rel="related" href="portfolio:artefactinternal"/>


        <category term="Offline" scheme="categories:resource_type#" label="File"/>



    </entry>


    <entry>
        <title>Fabio Da conceicao felgueiras</title>
        <id>portfolio:artefactinternal</id>

        <updated>2021-09-23T14:02:02+02:00</updated>


        <content></content>
        <rdf:type rdf:resource="leap2:person"/>
        <mahara:artefactplugin mahara:type="internal" mahara:plugin="internal"/>
        <link rel="related" href="portfolio:artefact62865"/>


        <category term="Self" scheme="categories:person_type#"/>





        <leap2:persondata
            mahara:artefactplugin="internal"
            mahara:artefacttype="email"
            leap2:field="email"

            leap2:label="Adresse de courriel"

        >fabio.da-conceicao-felgueiras@etu.u-pec.fr</leap2:persondata>
        <leap2:persondata
            mahara:artefactplugin="internal"
            mahara:artefacttype="firstname"
            leap2:field="legal_given_name"

            leap2:label="Prénom"

        >FABIO</leap2:persondata>
        <leap2:persondata
            mahara:artefactplugin="internal"
            mahara:artefacttype="lastname"
            leap2:field="legal_family_name"

            leap2:label="Nom"

        >DA CONCEICAO FELGUEIRAS</leap2:persondata>
        <leap2:persondata
            mahara:artefactplugin="internal"
            mahara:artefacttype="preferredname"
            leap2:field="preferred_given_name"

            leap2:label="Nom préféré"

        >Fabio Da conceicao felgueiras</leap2:persondata>
        <leap2:persondata
            mahara:artefactplugin="internal"
            mahara:artefacttype="studentid"
            leap2:field="other"

            leap2:label="Identifiant étudiant"

        >u32102133</leap2:persondata>


    </entry>

</feed>
